{
	"credit": "Made with Blockbench",
	"textures": {
		"0": "block/ears",
		"particle": "block/ears"
	},
	"elements": [
		{
			"from": [3, 0, 7],
			"to": [6, 14, 9],
			"faces": {
				"north": {"uv": [0, 0, 3, 14], "texture": "#0"},
				"east": {"uv": [0, 0, 2, 14], "texture": "#0"},
				"south": {"uv": [3, 0, 6, 14], "texture": "#0"},
				"west": {"uv": [0, 0, 2, 14], "texture": "#0"},
				"up": {"uv": [0, 0, 3, 2], "texture": "#0"},
				"down": {"uv": [0, 0, 3, 2], "texture": "#0"}
			}
		},
		{
			"from": [10, 0, 7],
			"to": [13, 14, 9],
			"faces": {
				"north": {"uv": [0, 0, 3, 14], "texture": "#0"},
				"east": {"uv": [0, 0, 2, 14], "texture": "#0"},
				"south": {"uv": [3, 0, 6, 14], "texture": "#0"},
				"west": {"uv": [0, 0, 2, 14], "texture": "#0"},
				"up": {"uv": [0, 0, 3, 2], "texture": "#0"},
				"down": {"uv": [0, 0, 3, 2], "texture": "#0"}
			}
		}
	],
	"display": {
		"thirdperson_righthand": {
			"translation": [0, 4, 1.25],
			"scale": [0.5, 0.5, 0.5]
		},
		"thirdperson_lefthand": {
			"translation": [0, 4, 1.25],
			"scale": [0.5, 0.5, 0.5]
		},
		"firstperson_righthand": {
			"translation": [0, 4, 1.25],
			"scale": [0.5, 0.5, 0.5]
		},
		"firstperson_lefthand": {
			"translation": [0, 4, 1.25],
			"scale": [0.5, 0.5, 0.5]
		},
		"ground": {
			"scale": [0.5, 0.5, 0.5]
		},
		"gui": {
			"rotation": [23, -35, 0],
			"translation": [0, 1, 0]
		},
		"head": {
			"rotation": [0, -180, 0],
			"translation": [0, 14, 0]
		},
		"fixed": {
			"rotation": [0, -180, 0]
		}
	}
}