{
	"credit": "Made with Blockbench",
	"textures": {
		"0": "block/stoneblade",
		"1": "block/handel",
		"particle": "block/stoneblade"
	},
	"elements": [
		{
			"name": "Handel",
			"from": [7, 0, 7],
			"to": [9, 6, 9],
			"faces": {
				"north": {"uv": [0, 0, 2, 6], "texture": "#1"},
				"east": {"uv": [0, 0, 2, 6], "texture": "#1"},
				"south": {"uv": [0, 0, 2, 6], "texture": "#1"},
				"west": {"uv": [0, 0, 2, 6], "texture": "#1"},
				"up": {"uv": [0, 0, 2, 1], "texture": "#1"},
				"down": {"uv": [0, 1, 2, 2], "texture": "#1"}
			}
		},
		{
			"name": "BladeBody",
			"from": [6, 6, 7.5],
			"to": [10, 22, 8.5],
			"faces": {
				"north": {"uv": [0, 0, 4, 16], "texture": "#0"},
				"east": {"uv": [0, 0, 1, 16], "texture": "#0"},
				"south": {"uv": [0, 0, 4, 16], "texture": "#0"},
				"west": {"uv": [0, 0, 1, 16], "texture": "#0"},
				"up": {"uv": [0, 0, 4, 1], "texture": "#0"},
				"down": {"uv": [0, 0, 4, 1], "texture": "#0"}
			}
		},
		{
			"name": "BladeBodyEdges",
			"from": [5, 6, 7.75],
			"to": [11, 22, 8.25],
			"faces": {
				"north": {"uv": [0, 0, 6, 16], "texture": "#0"},
				"east": {"uv": [0, 0, 0.5, 16], "texture": "#0"},
				"south": {"uv": [0, 0, 6, 16], "texture": "#0"},
				"west": {"uv": [0, 0, 0.5, 16], "texture": "#0"},
				"up": {"uv": [0, 0, 6, 0.5], "texture": "#0"},
				"down": {"uv": [0, 0, 6, 0.5], "texture": "#0"}
			}
		},
		{
			"name": "BladeTop",
			"from": [6.75, 22, 7.5],
			"to": [9.25, 24, 8.5],
			"faces": {
				"north": {"uv": [0, 0, 2.5, 2], "texture": "#0"},
				"east": {"uv": [0, 0, 1, 2], "texture": "#0"},
				"south": {"uv": [0, 0, 2.5, 2], "texture": "#0"},
				"west": {"uv": [0, 0, 1, 2], "texture": "#0"},
				"up": {"uv": [0, 0, 2.5, 1], "texture": "#0"},
				"down": {"uv": [0, 0, 2.5, 1], "texture": "#0"}
			}
		},
		{
			"name": "BladeTopEdges",
			"from": [6, 22, 7.75],
			"to": [10, 24, 8.25],
			"faces": {
				"north": {"uv": [0, 0, 4, 2], "texture": "#0"},
				"east": {"uv": [0, 0, 0.5, 2], "texture": "#0"},
				"south": {"uv": [0, 0, 4, 2], "texture": "#0"},
				"west": {"uv": [0, 0, 0.5, 2], "texture": "#0"},
				"up": {"uv": [0, 0, 4, 0.5], "texture": "#0"},
				"down": {"uv": [0, 0, 4, 0.5], "texture": "#0"}
			}
		},
		{
			"name": "BladeEndEdge",
			"from": [6.5, 24, 7.875],
			"to": [9.5, 25, 8.125],
			"faces": {
				"north": {"uv": [0, 0, 3, 1], "texture": "#0"},
				"east": {"uv": [0, 0, 0.25, 1], "texture": "#0"},
				"south": {"uv": [0, 0, 3, 1], "texture": "#0"},
				"west": {"uv": [0, 0, 0.25, 1], "texture": "#0"},
				"up": {"uv": [0, 0, 3, 0.25], "texture": "#0"},
				"down": {"uv": [0, 0, 3, 0.25], "texture": "#0"}
			}
		}
	],
	"display": {
		"thirdperson_righthand": {
			"rotation": [0, 90, 0],
			"translation": [0, 1.75, 0],
			"scale": [0.75, 0.75, 0.75]
		},
		"thirdperson_lefthand": {
			"rotation": [0, 90, 0],
			"translation": [0, 1.75, 0],
			"scale": [0.75, 0.75, 0.75]
		},
		"firstperson_righthand": {
			"rotation": [0, 90, 0],
			"translation": [0, 1.75, 0],
			"scale": [0.75, 0.75, 0.75]
		},
		"firstperson_lefthand": {
			"rotation": [0, 90, 0],
			"translation": [0, 1.75, 0],
			"scale": [0.75, 0.75, 0.75]
		},
		"ground": {
			"rotation": [0, 90, 0],
			"translation": [0, 1.75, 0],
			"scale": [0.75, 0.75, 0.75]
		},
		"gui": {
			"rotation": [16, 44, -55],
			"translation": [-1.25, -2.25, 0],
			"scale": [0.75, 0.75, 0.75]
		},
		"head": {
			"rotation": [-145, 66, 6],
			"translation": [-2.25, 10.5, 2.75],
			"scale": [0.75, 0.75, 0.75]
		},
		"fixed": {
			"rotation": [0, 90, 0],
			"translation": [0, -3.25, 0],
			"scale": [0.75, 0.75, 0.75]
		}
	}
}